{
  "kind": "Listing",
  "data": {
    "after": "t3_ncwhhc",
    "dist": 25,
    "modhash": "",
    "geo_filter": "",
    "children": [
      {
        "kind": "t3",
        "data": {
          "director_image": "director",
          "actors_image": ["cast1", "cast2", "cast3", "cast4", "cast5"],

          "DATA": {
            "release":"Movie - 2018",
            "name": "Todd Phillips",
            "type": "Drama, Adventura",
            "country": "United States",
            "bornYear": "2019 -",
            "match": "2.99\u20AC - 78%",
            "follower": "5.7",
            "rating": "5.7",
            "feedback": "OK",
            "color": "#efcc00"
          },
          "approved_at_utc": null,
          "subreddit": "pic",
          "selftext": "",
          "author_fullname": "t2_5i1p2",
          "saved": false,
          "mod_reason_title": null,
          "gilded": 0,
          "clicked": false,
          "title": "Joker",
          "link_flair_richtext": [],
          "subreddit_name_prefixed": "r/pic",
          "hidden": false,
          "pwls": 6,
          "link_flair_css_class": null,
          "downs": 0,
          "thumbnail_height": 140,
          "top_awarded_type": null,
          "hide_score": false,
          "name": "t3_imekn2",
          "quarantine": false,
          "link_flair_text_color": "dark",
          "upvote_ratio": 0.98,
          "author_flair_background_color": null,
          "subreddit_type": "public",
          "ups": 751,
          "total_awards_received": 0,
          "media_embed": {},
          "thumbnail_width": 140,
          "author_flair_template_id": null,
          "is_original_content": false,
          "user_reports": [],
          "secure_media": null,
          "is_reddit_media_domain": true,
          "is_meta": false,
          "category": null,
          "secure_media_embed": {},
          "link_flair_text": null,
          "can_mod_post": false,
          "score": 751,
          "approved_by": null,
          "is_created_from_ads_ui": false,
          "author_premium": false,
          "thumbnail": "joker",
          "edited": false,
          "author_flair_css_class": null,
          "author_flair_richtext": [],
          "gildings": {},
          "post_hint": "https://drive.google.com/uc?id=1mdetZ8K3-Xvp6dfz9qgYF44XulKwTOW6&export=download",
          "content_categories": null,
          "is_self": false,
          "mod_note": null,
          "created": 1599220576.0,
          "link_flair_type": "text",
          "wls": 6,
          "removed_by_category": null,
          "banned_by": null,
          "author_flair_type": "text",
          "domain": "i.redd.it",
          "allow_live_comments": false,
          "selftext_html": null,
          "likes": null,
          "suggested_sort": null,
          "banned_at_utc": null,
          "url_overridden_by_dest": "https://i.redd.it/ccx284mx9ue51.jpg",
          "view_count": null,
          "archived": true,
          "no_follow": false,
          "is_crosspostable": false,
          "pinned": false,
          "over_18": false,
          "preview": {
            "images": [
              {
                "source": {
                  "url": "https://preview.redd.it/ccx284mx9ue51.jpg?auto=webp&amp;s=5f4aca10ad57760eb58a93a291ae3758188e2e20",
                  "width": 1080,
                  "height": 1349
                },
                "resolutions": [
                  {
                    "url": "https://preview.redd.it/ccx284mx9ue51.jpg?width=108&amp;crop=smart&amp;auto=webp&amp;s=cb5b47fbb27adf83f853f0d1996cbbff529e1a6c",
                    "width": 108,
                    "height": 134
                  },
                  {
                    "url": "https://preview.redd.it/ccx284mx9ue51.jpg?width=216&amp;crop=smart&amp;auto=webp&amp;s=3c39c68052fa97623d297e9e1167a86a6979ecb4",
                    "width": 216,
                    "height": 269
                  },
                  {
                    "url": "https://preview.redd.it/ccx284mx9ue51.jpg?width=320&amp;crop=smart&amp;auto=webp&amp;s=5b644ac1f15c383ecf37ab166c13388b1613acc8",
                    "width": 320,
                    "height": 399
                  },
                  {
                    "url": "https://preview.redd.it/ccx284mx9ue51.jpg?width=640&amp;crop=smart&amp;auto=webp&amp;s=b0aa336f9b6e64bfc0aed10f4484d167ed3e160e",
                    "width": 640,
                    "height": 799
                  },
                  {
                    "url": "https://preview.redd.it/ccx284mx9ue51.jpg?width=960&amp;crop=smart&amp;auto=webp&amp;s=338e490d600d26f0a168ffe7452a895145b948ab",
                    "width": 960,
                    "height": 1199
                  },
                  {
                    "url": "https://preview.redd.it/ccx284mx9ue51.jpg?width=1080&amp;crop=smart&amp;auto=webp&amp;s=88b9f16ec2cfe4973c8caa720f0152e21c74d28c",
                    "width": 1080,
                    "height": 1349
                  }
                ],
                "variants": {},
                "id": "7aMEFvYy3OQKwFI7aSfM3del_zjfO5w9KejCsc0Woas"
              }
            ],
            "enabled": true
          },
          "all_awardings": [],
          "awarders": [],
          "media_only": false,
          "can_gild": false,
          "spoiler": false,
          "locked": false,
          "author_flair_text": null,
          "treatment_tags": [],
          "visited": false,
          "removed_by": null,
          "num_reports": null,
          "distinguished": null,
          "subreddit_id": "t5_2qheq",
          "author_is_blocked": false,
          "mod_reason_by": null,
          "removal_reason": null,
          "link_flair_background_color": "",
          "id": "imekn2",
          "is_robot_indexable": true,
          "report_reasons": null,
          "author": "tupungato",
          "discussion_type": null,
          "num_comments": 22,
          "send_replies": false,
          "whitelist_status": "all_ads",
          "contest_mode": false,
          "mod_reports": [],
          "author_patreon_flair": false,
          "author_flair_text_color": null,
          "permalink": "/r/pic/comments/imekn2/hotel_staircase_in_london/",
          "parent_whitelist_status": "all_ads",
          "stickied": false,
          "url": "https://i.redd.it/ccx284mx9ue51.jpg",
          "subreddit_subscribers": 143300,
          "created_utc": 1599220576.0,
          "num_crossposts": 2,
          "media": null,
          "is_video": false
        }
      },
      {
        "kind": "t3",
        "data": {
          "director_image": "director",
          "actors_image": ["cast1", "cast2", "cast3", "cast4", "cast5"],
          "DATA": {
            "release":"Movie - 2018",
            "name": "Todd Phillips",
            "type": "Drama, Sci-Fi",
            "country": "United States",
            "bornYear": "2019 -",
            "match": "2.99\u20AC - 78%",
            "follower": "5.7",
            "rating": "9.2",
            "feedback": "Best",
            "color": "#000000"
          },
          "approved_at_utc": null,
          "subreddit": "pic",
          "selftext": "",
          "author_fullname": "t2_10357e",
          "saved": false,
          "mod_reason_title": null,
          "gilded": 0,
          "clicked": false,
          "title": "Parasite",
          "link_flair_richtext": [],
          "subreddit_name_prefixed": "r/pic",
          "hidden": false,
          "pwls": 6,
          "link_flair_css_class": null,
          "downs": 0,
          "thumbnail_height": 90,
          "top_awarded_type": null,
          "hide_score": false,
          "name": "t3_jlf2bo",
          "quarantine": false,
          "link_flair_text_color": "dark",
          "upvote_ratio": 0.94,
          "author_flair_background_color": null,
          "subreddit_type": "public",
          "ups": 589,
          "total_awards_received": 1,
          "media_embed": {},
          "thumbnail_width": 140,
          "author_flair_template_id": null,
          "is_original_content": false,
          "user_reports": [],
          "secure_media": null,
          "is_reddit_media_domain": true,
          "is_meta": false,
          "category": null,
          "secure_media_embed": {},
          "link_flair_text": null,
          "can_mod_post": false,
          "score": 589,
          "approved_by": null,
          "is_created_from_ads_ui": false,
          "author_premium": false,
          "thumbnail": "parasite",
          "edited": false,
          "author_flair_css_class": null,
          "author_flair_richtext": [],
          "gildings": {},
          "post_hint": "https://drive.google.com/uc?id=1mdetZ8K3-Xvp6dfz9qgYF44XulKwTOW6&export=download",

          "content_categories": null,
          "is_self": false,
          "mod_note": null,
          "created": 1604134083.0,
          "link_flair_type": "text",
          "wls": 6,
          "removed_by_category": null,
          "banned_by": null,
          "author_flair_type": "text",
          "domain": "i.redd.it",
          "allow_live_comments": true,
          "selftext_html": null,
          "likes": null,
          "suggested_sort": null,
          "banned_at_utc": null,
          "url_overridden_by_dest": "https://i.redd.it/e7fbankl8ew51.jpg",
          "view_count": null,
          "archived": true,
          "no_follow": false,
          "is_crosspostable": false,
          "pinned": false,
          "over_18": false,
          "preview": {
            "images": [
              {
                "source": {
                  "url": "https://preview.redd.it/e7fbankl8ew51.jpg?auto=webp&amp;s=ff3dcb379d59bcc8fa1f84fdb6359d860296e8d1",
                  "width": 3264,
                  "height": 2109
                },
                "resolutions": [
                  {
                    "url": "https://preview.redd.it/e7fbankl8ew51.jpg?width=108&amp;crop=smart&amp;auto=webp&amp;s=f7ba7b1875b7e40ed092fde7bd81ec13a3aeff1e",
                    "width": 108,
                    "height": 69
                  },
                  {
                    "url": "https://preview.redd.it/e7fbankl8ew51.jpg?width=216&amp;crop=smart&amp;auto=webp&amp;s=a067cfde9d095de5915e42a32aa3cd2b50ddf60c",
                    "width": 216,
                    "height": 139
                  },
                  {
                    "url": "https://preview.redd.it/e7fbankl8ew51.jpg?width=320&amp;crop=smart&amp;auto=webp&amp;s=68b32af98fe8d6388c90d5c6ac3e163da07977a4",
                    "width": 320,
                    "height": 206
                  },
                  {
                    "url": "https://preview.redd.it/e7fbankl8ew51.jpg?width=640&amp;crop=smart&amp;auto=webp&amp;s=a4217a5767776d15f453f8eed794400a4983c4e4",
                    "width": 640,
                    "height": 413
                  },
                  {
                    "url": "https://preview.redd.it/e7fbankl8ew51.jpg?width=960&amp;crop=smart&amp;auto=webp&amp;s=4b3f38c1ef29a133eeb8ab99de55f6ac58469e8e",
                    "width": 960,
                    "height": 620
                  },
                  {
                    "url": "https://preview.redd.it/e7fbankl8ew51.jpg?width=1080&amp;crop=smart&amp;auto=webp&amp;s=5532fdae452a07884bfafc11c949aa7914ba0e41",
                    "width": 1080,
                    "height": 697
                  }
                ],
                "variants": {},
                "id": "0-4u8VPrRt-bAjCr8m_i_W2dy7okA943833GWIc5jKk"
              }
            ],
            "enabled": true
          },
          "all_awardings": [
            {
              "giver_coin_reward": 0,
              "subreddit_id": null,
              "is_new": false,
              "days_of_drip_extension": 0,
              "coin_price": 100,
              "id": "award_74fe5152-7906-4991-9016-bc2d8e261200",
              "penny_donate": 0,
              "award_sub_type": "GLOBAL",
              "coin_reward": 0,
              "icon_url": "https://i.redd.it/award_images/t5_22cerq/x069ow7ewnf51_Excited.png",
              "days_of_premium": 0,
              "tiers_by_required_awardings": null,
              "resized_icons": [
                {
                  "url": "https://preview.redd.it/award_images/t5_22cerq/x069ow7ewnf51_Excited.png?width=16&amp;height=16&amp;auto=webp&amp;s=094da86916604f4fc9f7f63c827e31c976f00928",
                  "width": 16,
                  "height": 16
                },
                {
                  "url": "https://preview.redd.it/award_images/t5_22cerq/x069ow7ewnf51_Excited.png?width=32&amp;height=32&amp;auto=webp&amp;s=52886a42b9871ec69a4465609472a864dbab27b1",
                  "width": 32,
                  "height": 32
                },
                {
                  "url": "https://preview.redd.it/award_images/t5_22cerq/x069ow7ewnf51_Excited.png?width=48&amp;height=48&amp;auto=webp&amp;s=63a8f5eff627778a221c58daffbfbbb87b7fe350",
                  "width": 48,
                  "height": 48
                },
                {
                  "url": "https://preview.redd.it/award_images/t5_22cerq/x069ow7ewnf51_Excited.png?width=64&amp;height=64&amp;auto=webp&amp;s=da0d9de08517646db45b766dbb0e7b94d2e97312",
                  "width": 64,
                  "height": 64
                },
                {
                  "url": "https://preview.redd.it/award_images/t5_22cerq/x069ow7ewnf51_Excited.png?width=128&amp;height=128&amp;auto=webp&amp;s=58d3501a4314be9d47349a1f7925e18f30a832e5",
                  "width": 128,
                  "height": 128
                }
              ],
              "icon_width": 2048,
              "static_icon_width": 2048,
              "start_date": null,
              "is_enabled": false,
              "awardings_required_to_grant_benefits": null,
              "description": "I don't know what to do with my hands!",
              "end_date": null,
              "subreddit_coin_reward": 0,
              "count": 1,
              "static_icon_height": 2048,
              "name": "Excited",
              "resized_static_icons": [
                {
                  "url": "https://preview.redd.it/award_images/t5_22cerq/x069ow7ewnf51_Excited.png?width=16&amp;height=16&amp;auto=webp&amp;s=094da86916604f4fc9f7f63c827e31c976f00928",
                  "width": 16,
                  "height": 16
                },
                {
                  "url": "https://preview.redd.it/award_images/t5_22cerq/x069ow7ewnf51_Excited.png?width=32&amp;height=32&amp;auto=webp&amp;s=52886a42b9871ec69a4465609472a864dbab27b1",
                  "width": 32,
                  "height": 32
                },
                {
                  "url": "https://preview.redd.it/award_images/t5_22cerq/x069ow7ewnf51_Excited.png?width=48&amp;height=48&amp;auto=webp&amp;s=63a8f5eff627778a221c58daffbfbbb87b7fe350",
                  "width": 48,
                  "height": 48
                },
                {
                  "url": "https://preview.redd.it/award_images/t5_22cerq/x069ow7ewnf51_Excited.png?width=64&amp;height=64&amp;auto=webp&amp;s=da0d9de08517646db45b766dbb0e7b94d2e97312",
                  "width": 64,
                  "height": 64
                },
                {
                  "url": "https://preview.redd.it/award_images/t5_22cerq/x069ow7ewnf51_Excited.png?width=128&amp;height=128&amp;auto=webp&amp;s=58d3501a4314be9d47349a1f7925e18f30a832e5",
                  "width": 128,
                  "height": 128
                }
              ],
              "icon_format": "PNG",
              "icon_height": 2048,
              "penny_price": 0,
              "award_type": "global",
              "static_icon_url": "https://i.redd.it/award_images/t5_22cerq/x069ow7ewnf51_Excited.png"
            }
          ],
          "awarders": [],
          "media_only": false,
          "can_gild": false,
          "spoiler": false,
          "locked": false,
          "author_flair_text": null,
          "treatment_tags": [],
          "visited": false,
          "removed_by": null,
          "num_reports": null,
          "distinguished": null,
          "subreddit_id": "t5_2qheq",
          "author_is_blocked": false,
          "mod_reason_by": null,
          "removal_reason": null,
          "link_flair_background_color": "",
          "id": "jlf2bo",
          "is_robot_indexable": true,
          "report_reasons": null,
          "author": "Individdy",
          "discussion_type": null,
          "num_comments": 17,
          "send_replies": true,
          "whitelist_status": "all_ads",
          "contest_mode": false,
          "mod_reports": [],
          "author_patreon_flair": false,
          "author_flair_text_color": null,
          "permalink": "/r/pic/comments/jlf2bo/front_of_house_viewed_through_shattered_car_window/",
          "parent_whitelist_status": "all_ads",
          "stickied": false,
          "url": "https://i.redd.it/e7fbankl8ew51.jpg",
          "subreddit_subscribers": 143300,
          "created_utc": 1604134083.0,
          "num_crossposts": 2,
          "media": null,
          "is_video": false
        }
      },
      {
        "kind": "t3",
        "data": {
          "director_image": "director",
          "actors_image": ["cast1", "cast2", "cast3", "cast4", "cast5"],
          "DATA": {
            "release":"Movie - 2018",
            "name": "Todd Phillips",
            "type": "Drama, Sci-Fi",
            "country": "United States",
            "bornYear": "2019 -",
            "match": "2.99\u20AC - 78%",
            "follower": "5.7",
            "rating": "6.8",
            "feedback": "Good",
            "color": "#35b736"
          },
          "approved_at_utc": null,
          "subreddit": "pic",
          "selftext": "",
          "author_fullname": "t2_625h8q1x",
          "saved": false,
          "mod_reason_title": null,
          "gilded": 0,
          "clicked": false,
          "title": "Mariage Story",
          "link_flair_richtext": [],
          "subreddit_name_prefixed": "r/pic",
          "hidden": false,
          "pwls": 6,
          "link_flair_css_class": null,
          "downs": 0,
          "thumbnail_height": 136,
          "top_awarded_type": null,
          "hide_score": false,
          "name": "t3_ib6dq0",
          "quarantine": false,
          "link_flair_text_color": "dark",
          "upvote_ratio": 0.95,
          "author_flair_background_color": null,
          "subreddit_type": "public",
          "ups": 569,
          "total_awards_received": 1,
          "media_embed": {},
          "thumbnail_width": 140,
          "author_flair_template_id": null,
          "is_original_content": false,
          "user_reports": [],
          "secure_media": null,
          "is_reddit_media_domain": true,
          "is_meta": false,
          "category": null,
          "secure_media_embed": {},
          "link_flair_text": null,
          "can_mod_post": false,
          "score": 569,
          "approved_by": null,
          "is_created_from_ads_ui": false,
          "author_premium": false,
          "thumbnail": "marriage",
          "edited": false,
          "author_flair_css_class": null,
          "author_flair_richtext": [],
          "gildings": {
            "gid_1": 1
          },
          "post_hint": "https://drive.google.com/uc?id=1mdetZ8K3-Xvp6dfz9qgYF44XulKwTOW6&export=download",
          "content_categories": null,
          "is_self": false,
          "mod_note": null,
          "created": 1597633941.0,
          "link_flair_type": "text",
          "wls": 6,
          "removed_by_category": null,
          "banned_by": null,
          "author_flair_type": "text",
          "domain": "i.redd.it",
          "allow_live_comments": false,
          "selftext_html": null,
          "likes": null,
          "suggested_sort": null,
          "banned_at_utc": null,
          "url_overridden_by_dest": "https://i.redd.it/168780zfchh51.jpg",
          "view_count": null,
          "archived": true,
          "no_follow": false,
          "is_crosspostable": false,
          "pinned": false,
          "over_18": false,
          "preview": {
            "images": [
              {
                "source": {
                  "url": "https://preview.redd.it/168780zfchh51.jpg?auto=webp&amp;s=bffde949d70f79970f8ee3701390b87f2c5de10c",
                  "width": 640,
                  "height": 624
                },
                "resolutions": [
                  {
                    "url": "https://preview.redd.it/168780zfchh51.jpg?width=108&amp;crop=smart&amp;auto=webp&amp;s=ec6c9ccbe57e2d0a5fd914de82a2037226223e6a",
                    "width": 108,
                    "height": 105
                  },
                  {
                    "url": "https://preview.redd.it/168780zfchh51.jpg?width=216&amp;crop=smart&amp;auto=webp&amp;s=b45f9faff0eb8bdff960f19cc0259e4c6d4da692",
                    "width": 216,
                    "height": 210
                  },
                  {
                    "url": "https://preview.redd.it/168780zfchh51.jpg?width=320&amp;crop=smart&amp;auto=webp&amp;s=b54192ff8fcaccd1ba6866256318bb5cdbbe535d",
                    "width": 320,
                    "height": 312
                  },
                  {
                    "url": "https://preview.redd.it/168780zfchh51.jpg?width=640&amp;crop=smart&amp;auto=webp&amp;s=e5acd445ee334196a7bb20f3741be2bbf2e48937",
                    "width": 640,
                    "height": 624
                  }
                ],
                "variants": {},
                "id": "hY7KT7ilRhji9FBEr0E3bXqlXUIsaU6Mklab5AEpwaY"
              }
            ],
            "enabled": true
          },
          "all_awardings": [
            {
              "giver_coin_reward": null,
              "subreddit_id": null,
              "is_new": false,
              "days_of_drip_extension": 0,
              "coin_price": 100,
              "id": "gid_1",
              "penny_donate": null,
              "award_sub_type": "GLOBAL",
              "coin_reward": 0,
              "icon_url": "https://www.redditstatic.com/gold/awards/icon/silver_512.png",
              "days_of_premium": 0,
              "tiers_by_required_awardings": null,
              "resized_icons": [
                {
                  "url": "https://www.redditstatic.com/gold/awards/icon/silver_16.png",
                  "width": 16,
                  "height": 16
                },
                {
                  "url": "https://www.redditstatic.com/gold/awards/icon/silver_32.png",
                  "width": 32,
                  "height": 32
                },
                {
                  "url": "https://www.redditstatic.com/gold/awards/icon/silver_48.png",
                  "width": 48,
                  "height": 48
                },
                {
                  "url": "https://www.redditstatic.com/gold/awards/icon/silver_64.png",
                  "width": 64,
                  "height": 64
                },
                {
                  "url": "https://www.redditstatic.com/gold/awards/icon/silver_128.png",
                  "width": 128,
                  "height": 128
                }
              ],
              "icon_width": 512,
              "static_icon_width": 512,
              "start_date": null,
              "is_enabled": true,
              "awardings_required_to_grant_benefits": null,
              "description": "Shows the Silver Award... and that's it.",
              "end_date": null,
              "subreddit_coin_reward": 0,
              "count": 1,
              "static_icon_height": 512,
              "name": "Silver",
              "resized_static_icons": [
                {
                  "url": "https://www.redditstatic.com/gold/awards/icon/silver_16.png",
                  "width": 16,
                  "height": 16
                },
                {
                  "url": "https://www.redditstatic.com/gold/awards/icon/silver_32.png",
                  "width": 32,
                  "height": 32
                },
                {
                  "url": "https://www.redditstatic.com/gold/awards/icon/silver_48.png",
                  "width": 48,
                  "height": 48
                },
                {
                  "url": "https://www.redditstatic.com/gold/awards/icon/silver_64.png",
                  "width": 64,
                  "height": 64
                },
                {
                  "url": "https://www.redditstatic.com/gold/awards/icon/silver_128.png",
                  "width": 128,
                  "height": 128
                }
              ],
              "icon_format": null,
              "icon_height": 512,
              "penny_price": null,
              "award_type": "global",
              "static_icon_url": "https://www.redditstatic.com/gold/awards/icon/silver_512.png"
            }
          ],
          "awarders": [],
          "media_only": false,
          "can_gild": false,
          "spoiler": false,
          "locked": false,
          "author_flair_text": null,
          "treatment_tags": [],
          "visited": false,
          "removed_by": null,
          "num_reports": null,
          "distinguished": null,
          "subreddit_id": "t5_2qheq",
          "author_is_blocked": false,
          "mod_reason_by": null,
          "removal_reason": null,
          "link_flair_background_color": "",
          "id": "ib6dq0",
          "is_robot_indexable": true,
          "report_reasons": null,
          "author": "sourdoh3631",
          "discussion_type": null,
          "num_comments": 10,
          "send_replies": true,
          "whitelist_status": "all_ads",
          "contest_mode": false,
          "mod_reports": [],
          "author_patreon_flair": false,
          "author_flair_text_color": null,
          "permalink": "/r/pic/comments/ib6dq0/galactic_art_on_a_truck/",
          "parent_whitelist_status": "all_ads",
          "stickied": false,
          "url": "https://i.redd.it/168780zfchh51.jpg",
          "subreddit_subscribers": 143300,
          "created_utc": 1597633941.0,
          "num_crossposts": 1,
          "media": null,
          "is_video": false
        }
      },
      {
        "kind": "t3",
        "data": {
          "director_image": "director",
          "actors_image": ["cast1", "cast2", "cast3", "cast4", "cast5"],
          "DATA": {
            "release":"Movie - 2018",
            "name": "Todd Phillips",
            "type": "Drama, Sci-Fi",
            "country": "United States",
            "bornYear": "2019 -",
            "match": "2.99\u20AC - 78%",
            "follower": "5.7",
            "rating": "8.5",
            "feedback": "Excellent",
            "color": "#868686"
          },
          "approved_at_utc": null,
          "subreddit": "pic",
          "selftext": "",
          "user_reports": [],
          "saved": false,
          "mod_reason_title": null,
          "gilded": 0,
          "clicked": false,
          "title": "Once upon a time in Hollywood",
          "link_flair_richtext": [],
          "subreddit_name_prefixed": "r/pic",
          "hidden": false,
          "pwls": 6,
          "link_flair_css_class": null,
          "downs": 0,
          "thumbnail_height": 140,
          "top_awarded_type": null,
          "hide_score": false,
          "name": "t3_ky62mv",
          "quarantine": false,
          "link_flair_text_color": "dark",
          "upvote_ratio": 0.98,
          "author_flair_background_color": "",
          "subreddit_type": "public",
          "ups": 562,
          "total_awards_received": 0,
          "media_embed": {},
          "thumbnail_width": 140,
          "author_flair_template_id": null,
          "is_original_content": false,
          "secure_media": null,
          "is_reddit_media_domain": true,
          "is_meta": false,
          "category": null,
          "secure_media_embed": {},
          "link_flair_text": null,
          "can_mod_post": false,
          "score": 562,
          "approved_by": null,
          "is_created_from_ads_ui": false,
          "thumbnail": "onceUpon",
          "edited": false,
          "author_flair_css_class": null,
          "gildings": {},
          "post_hint": "https://drive.google.com/uc?id=1mdetZ8K3-Xvp6dfz9qgYF44XulKwTOW6&export=download",
          "content_categories": null,
          "is_self": false,
          "mod_note": null,
          "created": 1610751302.0,
          "link_flair_type": "text",
          "wls": 6,
          "removed_by_category": null,
          "banned_by": null,
          "domain": "i.redd.it",
          "allow_live_comments": false,
          "selftext_html": null,
          "likes": null,
          "suggested_sort": null,
          "banned_at_utc": null,
          "url_overridden_by_dest": "https://i.redd.it/w99ev4i1tkb61.jpg",
          "view_count": null,
          "archived": true,
          "no_follow": false,
          "is_crosspostable": false,
          "pinned": false,
          "over_18": false,
          "preview": {
            "images": [
              {
                "source": {
                  "url": "https://preview.redd.it/w99ev4i1tkb61.jpg?auto=webp&amp;s=7d04bce401a5c8b3c598b27631d4eef097d3f05d",
                  "width": 750,
                  "height": 923
                },
                "resolutions": [
                  {
                    "url": "https://preview.redd.it/w99ev4i1tkb61.jpg?width=108&amp;crop=smart&amp;auto=webp&amp;s=9d99e53d565313aae47f17bbe9c6fcbcff3efe14",
                    "width": 108,
                    "height": 132
                  },
                  {
                    "url": "https://preview.redd.it/w99ev4i1tkb61.jpg?width=216&amp;crop=smart&amp;auto=webp&amp;s=2db708dbcd4414d44782b5d880674bd61834329f",
                    "width": 216,
                    "height": 265
                  },
                  {
                    "url": "https://preview.redd.it/w99ev4i1tkb61.jpg?width=320&amp;crop=smart&amp;auto=webp&amp;s=24c5bc57cf0b30574ce42ccbe9bdb36a884158c6",
                    "width": 320,
                    "height": 393
                  },
                  {
                    "url": "https://preview.redd.it/w99ev4i1tkb61.jpg?width=640&amp;crop=smart&amp;auto=webp&amp;s=fded6c64659fac7e00a48582e12567980c227983",
                    "width": 640,
                    "height": 787
                  }
                ],
                "variants": {},
                "id": "bS8Yu9dKik_UShFs5BOL7ofaLFgyRv2NXDEel3jAy6Y"
              }
            ],
            "enabled": true
          },
          "all_awardings": [],
          "awarders": [],
          "media_only": false,
          "can_gild": false,
          "spoiler": false,
          "locked": false,
          "author_flair_text": null,
          "treatment_tags": [],
          "visited": false,
          "removed_by": null,
          "num_reports": null,
          "distinguished": null,
          "subreddit_id": "t5_2qheq",
          "author_is_blocked": false,
          "mod_reason_by": null,
          "removal_reason": null,
          "link_flair_background_color": "",
          "id": "ky62mv",
          "is_robot_indexable": true,
          "report_reasons": null,
          "author": "[deleted]",
          "discussion_type": null,
          "num_comments": 14,
          "send_replies": true,
          "whitelist_status": "all_ads",
          "contest_mode": false,
          "mod_reports": [],
          "author_flair_text_color": "dark",
          "permalink": "/r/pic/comments/ky62mv/houses_in_tibet/",
          "parent_whitelist_status": "all_ads",
          "stickied": false,
          "url": "https://i.redd.it/w99ev4i1tkb61.jpg",
          "subreddit_subscribers": 143300,
          "created_utc": 1610751302.0,
          "num_crossposts": 0,
          "media": null,
          "is_video": false
        }
      },
      {
        "kind": "t3",
        "data": {
          "director_image": "director",
          "actors_image": ["cast1", "cast2", "cast3", "cast4", "cast5"],
          "DATA": {
            "release":"Movie - 2018",
            "name": "Todd Phillips",
            "type": "Drama, Sci-Fi",
            "country": "United States",
            "bornYear": "2019 -",
            "match": "2.99\u20AC - 78%",
            "follower": "5.7",
            "rating": "7.9",
            "feedback": "Great",
            "color": "#6495ED"
          },
          "approved_at_utc": null,
          "subreddit": "pic",
          "selftext": "",
          "author_fullname": "t2_74hknodf",
          "saved": false,
          "mod_reason_title": null,
          "gilded": 0,
          "clicked": false,
          "title": "Apollo 11",
          "link_flair_richtext": [],
          "subreddit_name_prefixed": "r/pic",
          "hidden": false,
          "pwls": 6,
          "link_flair_css_class": null,
          "downs": 0,
          "thumbnail_height": 76,
          "top_awarded_type": null,
          "hide_score": false,
          "name": "t3_iaqghr",
          "quarantine": false,
          "link_flair_text_color": "dark",
          "upvote_ratio": 0.97,
          "author_flair_background_color": null,
          "subreddit_type": "public",
          "ups": 503,
          "total_awards_received": 0,
          "media_embed": {},
          "thumbnail_width": 140,
          "author_flair_template_id": null,
          "is_original_content": false,
          "user_reports": [],
          "secure_media": null,
          "is_reddit_media_domain": true,
          "is_meta": false,
          "category": null,
          "secure_media_embed": {},
          "link_flair_text": null,
          "can_mod_post": false,
          "score": 503,
          "approved_by": null,
          "is_created_from_ads_ui": false,
          "author_premium": true,
          "thumbnail": "appolo",
          "edited": false,
          "author_flair_css_class": null,
          "author_flair_richtext": [],
          "gildings": {},
          "post_hint": "https://drive.google.com/uc?id=1mdetZ8K3-Xvp6dfz9qgYF44XulKwTOW6&export=download",
          "content_categories": null,
          "is_self": false,
          "mod_note": null,
          "created": 1597575567.0,
          "link_flair_type": "text",
          "wls": 6,
          "removed_by_category": null,
          "banned_by": null,
          "author_flair_type": "text",
          "domain": "i.redd.it",
          "allow_live_comments": false,
          "selftext_html": null,
          "likes": null,
          "suggested_sort": null,
          "banned_at_utc": null,
          "url_overridden_by_dest": "https://i.redd.it/dwkvgleoich51.jpg",
          "view_count": null,
          "archived": true,
          "no_follow": false,
          "is_crosspostable": false,
          "pinned": false,
          "over_18": false,
          "preview": {
            "images": [
              {
                "source": {
                  "url": "https://preview.redd.it/dwkvgleoich51.jpg?auto=webp&amp;s=df4979b286921185a3ec895c0847b07b750b8ae9",
                  "width": 640,
                  "height": 351
                },
                "resolutions": [
                  {
                    "url": "https://preview.redd.it/dwkvgleoich51.jpg?width=108&amp;crop=smart&amp;auto=webp&amp;s=7912d14c558618bec0e2ece65a5bafa85a30ed81",
                    "width": 108,
                    "height": 59
                  },
                  {
                    "url": "https://preview.redd.it/dwkvgleoich51.jpg?width=216&amp;crop=smart&amp;auto=webp&amp;s=12a2ebe870b108b82b2df684f01ad80372fcc59b",
                    "width": 216,
                    "height": 118
                  },
                  {
                    "url": "https://preview.redd.it/dwkvgleoich51.jpg?width=320&amp;crop=smart&amp;auto=webp&amp;s=bfde3e0d2dc66426a0d6f950363bf15f46dbab0e",
                    "width": 320,
                    "height": 175
                  },
                  {
                    "url": "https://preview.redd.it/dwkvgleoich51.jpg?width=640&amp;crop=smart&amp;auto=webp&amp;s=46aa6f631b4598519aac3cf27185807ae460b61c",
                    "width": 640,
                    "height": 351
                  }
                ],
                "variants": {},
                "id": "tZOicfRGAWRk1e4gICGg1_fdNkiI-u-I6Tos1_GgbKE"
              }
            ],
            "enabled": true
          },
          "all_awardings": [],
          "awarders": [],
          "media_only": false,
          "can_gild": false,
          "spoiler": false,
          "locked": false,
          "author_flair_text": null,
          "treatment_tags": [],
          "visited": false,
          "removed_by": null,
          "num_reports": null,
          "distinguished": null,
          "subreddit_id": "t5_2qheq",
          "author_is_blocked": false,
          "mod_reason_by": null,
          "removal_reason": null,
          "link_flair_background_color": "",
          "id": "iaqghr",
          "is_robot_indexable": true,
          "report_reasons": null,
          "author": "SoCriedtheZither",
          "discussion_type": null,
          "num_comments": 13,
          "send_replies": true,
          "whitelist_status": "all_ads",
          "contest_mode": false,
          "mod_reports": [],
          "author_patreon_flair": false,
          "author_flair_text_color": null,
          "permalink": "/r/pic/comments/iaqghr/harbin_opera_house/",
          "parent_whitelist_status": "all_ads",
          "stickied": false,
          "url": "https://i.redd.it/dwkvgleoich51.jpg",
          "subreddit_subscribers": 143300,
          "created_utc": 1597575567.0,
          "num_crossposts": 1,
          "media": null,
          "is_video": false
        }
      },
      {
        "kind": "t3",
        "data": {
          "director_image": "director",
          "actors_image": ["cast1", "cast2", "cast3", "cast4", "cast5"],
          "DATA": {
            "release":"Movie - 2018",
            "name": "Todd Phillips",
            "type": "Drama, Adventura",
            "country": "United States",
            "bornYear": "2019 -",
            "match": "2.99\u20AC - 78%",
            "follower": "5.7",
            "rating": "5.7",
            "feedback": "OK",
            "color": "#eac602"
          },
          "approved_at_utc": null,
          "subreddit": "pic",
          "selftext": "",
          "author_fullname": "t2_dzvlm",
          "saved": false,
          "mod_reason_title": null,
          "gilded": 0,
          "clicked": false,
          "title": "Adastra",
          "link_flair_richtext": [],
          "subreddit_name_prefixed": "r/pic",
          "hidden": false,
          "pwls": 6,
          "link_flair_css_class": null,
          "downs": 0,
          "thumbnail_height": 140,
          "top_awarded_type": null,
          "hide_score": false,
          "name": "t3_ks0iu7",
          "quarantine": false,
          "link_flair_text_color": "dark",
          "upvote_ratio": 0.92,
          "author_flair_background_color": null,
          "subreddit_type": "public",
          "ups": 836,
          "total_awards_received": 0,
          "media_embed": {},
          "thumbnail_width": 140,
          "author_flair_template_id": null,
          "is_original_content": false,
          "user_reports": [],
          "secure_media": null,
          "is_reddit_media_domain": false,
          "is_meta": false,
          "category": null,
          "secure_media_embed": {},
          "link_flair_text": null,
          "can_mod_post": false,
          "score": 836,
          "approved_by": null,
          "is_created_from_ads_ui": false,
          "author_premium": false,
          "thumbnail": "1917",
          "edited": false,
          "author_flair_css_class": null,
          "author_flair_richtext": [],
          "gildings": {},
          "post_hint": "https://drive.google.com/uc?id=1mdetZ8K3-Xvp6dfz9qgYF44XulKwTOW6&export=download",
          "content_categories": null,
          "is_self": false,
          "mod_note": null,
          "created": 1609977098.0,
          "link_flair_type": "text",
          "wls": 6,
          "removed_by_category": null,
          "banned_by": null,
          "author_flair_type": "text",
          "domain": "i.imgur.com",
          "allow_live_comments": false,
          "selftext_html": null,
          "likes": null,
          "suggested_sort": null,
          "banned_at_utc": null,
          "url_overridden_by_dest": "https://i.imgur.com/H0Oq3iQ.jpg",
          "view_count": null,
          "archived": true,
          "no_follow": false,
          "is_crosspostable": false,
          "pinned": false,
          "over_18": false,
          "preview": {
            "images": [
              {
                "source": {
                  "url": "https://external-preview.redd.it/WdQsBuTc1GTsRseWNRDCe-q-yTyFg-93KypiR0Ohy1U.jpg?auto=webp&amp;s=88a1844889713ae9aa2559179be3be26886a1154",
                  "width": 720,
                  "height": 960
                },
                "resolutions": [
                  {
                    "url": "https://external-preview.redd.it/WdQsBuTc1GTsRseWNRDCe-q-yTyFg-93KypiR0Ohy1U.jpg?width=108&amp;crop=smart&amp;auto=webp&amp;s=825defffbb9ee8b1854e0453a959ed72b471ca81",
                    "width": 108,
                    "height": 144
                  },
                  {
                    "url": "https://external-preview.redd.it/WdQsBuTc1GTsRseWNRDCe-q-yTyFg-93KypiR0Ohy1U.jpg?width=216&amp;crop=smart&amp;auto=webp&amp;s=32c36805fc5c23c0ab98a0ec8809315000e3b47b",
                    "width": 216,
                    "height": 288
                  },
                  {
                    "url": "https://external-preview.redd.it/WdQsBuTc1GTsRseWNRDCe-q-yTyFg-93KypiR0Ohy1U.jpg?width=320&amp;crop=smart&amp;auto=webp&amp;s=baf101c54da2d6c90db41da4f3837f430d1e69f0",
                    "width": 320,
                    "height": 426
                  },
                  {
                    "url": "https://external-preview.redd.it/WdQsBuTc1GTsRseWNRDCe-q-yTyFg-93KypiR0Ohy1U.jpg?width=640&amp;crop=smart&amp;auto=webp&amp;s=91b13808c7111906d0c5e538552a9ea69bc54d7b",
                    "width": 640,
                    "height": 853
                  }
                ],
                "variants": {},
                "id": "vhbTNyic_31jWKg9jfuE2wkVtCJb1IZ3LTcgbBjt5S0"
              }
            ],
            "enabled": true
          },
          "all_awardings": [],
          "awarders": [],
          "media_only": false,
          "can_gild": false,
          "spoiler": false,
          "locked": true,
          "author_flair_text": null,
          "treatment_tags": [],
          "visited": false,
          "removed_by": null,
          "num_reports": null,
          "distinguished": null,
          "subreddit_id": "t5_2qheq",
          "author_is_blocked": false,
          "mod_reason_by": null,
          "removal_reason": null,
          "link_flair_background_color": "",
          "id": "ks0iu7",
          "is_robot_indexable": true,
          "report_reasons": null,
          "author": "4dv4nc3d",
          "discussion_type": null,
          "num_comments": 31,
          "send_replies": true,
          "whitelist_status": "all_ads",
          "contest_mode": false,
          "mod_reports": [],
          "author_patreon_flair": false,
          "author_flair_text_color": null,
          "permalink": "/r/pic/comments/ks0iu7/inside_capitol_2021/",
          "parent_whitelist_status": "all_ads",
          "stickied": false,
          "url": "https://i.imgur.com/H0Oq3iQ.jpg",
          "subreddit_subscribers": 143300,
          "created_utc": 1609977098.0,
          "num_crossposts": 1,
          "media": null,
          "is_video": false
        }
      },
      {
        "kind": "t3",
        "data": {
          "director_image": "director",
          "actors_image": ["cast1", "cast2", "cast3", "cast4", "cast5"],
          "DATA": {
            "release":"Movie - 2018",
            "name": "Todd Phillips",
            "type": "Drama, Sci-Fi",
            "country": "United States",
            "bornYear": "2019 -",
            "match": "2.99\u20AC - 78%",
            "follower": "5.7",
            "rating": "9.2",
            "feedback": "Best",
            "color": "black"
          },
          "approved_at_utc": null,
          "subreddit": "pic",
          "selftext": "",
          "author_fullname": "t2_6401m71d",
          "saved": false,
          "mod_reason_title": null,
          "gilded": 0,
          "clicked": false,
          "title": "Parasite",
          "link_flair_richtext": [],
          "subreddit_name_prefixed": "r/pic",
          "hidden": false,
          "pwls": 6,
          "link_flair_css_class": null,
          "downs": 0,
          "thumbnail_height": 105,
          "top_awarded_type": null,
          "hide_score": false,
          "name": "t3_ig75ka",
          "quarantine": false,
          "link_flair_text_color": "dark",
          "upvote_ratio": 0.98,
          "author_flair_background_color": null,
          "subreddit_type": "public",
          "ups": 491,
          "total_awards_received": 0,
          "media_embed": {},
          "thumbnail_width": 140,
          "author_flair_template_id": null,
          "is_original_content": false,
          "user_reports": [],
          "secure_media": null,
          "is_reddit_media_domain": true,
          "is_meta": false,
          "category": null,
          "secure_media_embed": {},
          "link_flair_text": null,
          "can_mod_post": false,
          "score": 491,
          "approved_by": null,
          "is_created_from_ads_ui": false,
          "author_premium": false,

          "thumbnail": "dark",
          "edited": false,
          "author_flair_css_class": null,
          "author_flair_richtext": [],
          "gildings": {},
          "post_hint": "https://drive.google.com/uc?id=1mdetZ8K3-Xvp6dfz9qgYF44XulKwTOW6&export=download",
          "content_categories": null,
          "is_self": false,
          "mod_note": null,
          "created": 1598338712.0,
          "link_flair_type": "text",
          "wls": 6,
          "removed_by_category": null,
          "banned_by": null,
          "author_flair_type": "text",
          "domain": "i.redd.it",
          "allow_live_comments": false,
          "selftext_html": null,
          "likes": null,
          "suggested_sort": null,
          "banned_at_utc": null,
          "url_overridden_by_dest": "https://i.redd.it/uu119kgxj3j51.jpg",
          "view_count": null,
          "archived": true,
          "no_follow": false,
          "is_crosspostable": false,
          "pinned": false,
          "over_18": false,
          "preview": {
            "images": [
              {
                "source": {
                  "url": "https://preview.redd.it/uu119kgxj3j51.jpg?auto=webp&amp;s=c054406ad8e67062c901ec1079411228f839fedd",
                  "width": 960,
                  "height": 720
                },
                "resolutions": [
                  {
                    "url": "https://preview.redd.it/uu119kgxj3j51.jpg?width=108&amp;crop=smart&amp;auto=webp&amp;s=e93ef35f8af285b9314449f080480365b9de9e20",
                    "width": 108,
                    "height": 81
                  },
                  {
                    "url": "https://preview.redd.it/uu119kgxj3j51.jpg?width=216&amp;crop=smart&amp;auto=webp&amp;s=911cc20138789847fd3cd9c38a52d1ae53e35da2",
                    "width": 216,
                    "height": 162
                  },
                  {
                    "url": "https://preview.redd.it/uu119kgxj3j51.jpg?width=320&amp;crop=smart&amp;auto=webp&amp;s=6a65214c43f5c78b34e8473f191ffc776a43710c",
                    "width": 320,
                    "height": 240
                  },
                  {
                    "url": "https://preview.redd.it/uu119kgxj3j51.jpg?width=640&amp;crop=smart&amp;auto=webp&amp;s=ba1ac3dda1b13ad355e9c325914d18bdc0e79bec",
                    "width": 640,
                    "height": 480
                  },
                  {
                    "url": "https://preview.redd.it/uu119kgxj3j51.jpg?width=960&amp;crop=smart&amp;auto=webp&amp;s=278cef3639dc58e57d2625a09d90baf9ec7c9982",
                    "width": 960,
                    "height": 720
                  }
                ],
                "variants": {},
                "id": "QjWHjN0JaP0pcQ3sgHT-QM-WDO-kwmHf9h17HJYvOH4"
              }
            ],
            "enabled": true
          },
          "all_awardings": [],
          "awarders": [],
          "media_only": false,
          "can_gild": false,
          "spoiler": false,
          "locked": false,
          "author_flair_text": null,
          "treatment_tags": [],
          "visited": false,
          "removed_by": null,
          "num_reports": null,
          "distinguished": null,
          "subreddit_id": "t5_2qheq",
          "author_is_blocked": false,
          "mod_reason_by": null,
          "removal_reason": null,
          "link_flair_background_color": "",
          "id": "ig75ka",
          "is_robot_indexable": true,
          "report_reasons": null,
          "author": "Crimson_Discord",
          "discussion_type": null,
          "num_comments": 2,
          "send_replies": true,
          "whitelist_status": "all_ads",
          "contest_mode": false,
          "mod_reports": [],
          "author_patreon_flair": false,
          "author_flair_text_color": null,
          "permalink": "/r/pic/comments/ig75ka/turtle_house_kuala_lumpur/",
          "parent_whitelist_status": "all_ads",
          "stickied": false,
          "url": "https://i.redd.it/uu119kgxj3j51.jpg",
          "subreddit_subscribers": 143300,
          "created_utc": 1598338712.0,
          "num_crossposts": 0,
          "media": null,
          "is_video": false
        }
      },
      {
        "kind": "t3",
        "data": {
          "director_image": "director",
          "actors_image": ["cast1", "cast2", "cast3", "cast4", "cast5"],
          "DATA": {
            "release":"Movie - 2018",
            "name": "Todd Phillips",
            "type": "Drama, Adventura",
            "country": "United States",
            "bornYear": "2019 -",
            "match": "2.99\u20AC - 78%",
            "follower": "5.7",
            "rating": "6.8",
            "feedback": "Good",
            "color": "#35b736"
          },
          "approved_at_utc": null,
          "subreddit": "pic",
          "selftext": "",
          "author_fullname": "t2_14xxhe",
          "saved": false,
          "mod_reason_title": null,
          "gilded": 0,
          "clicked": false,
          "title": "Mariage Story",
          "link_flair_richtext": [],
          "subreddit_name_prefixed": "r/pic",
          "hidden": false,
          "pwls": 6,
          "link_flair_css_class": null,
          "downs": 0,
          "thumbnail_height": 140,
          "top_awarded_type": null,
          "hide_score": false,
          "name": "t3_lcggtg",
          "quarantine": false,
          "link_flair_text_color": "dark",
          "upvote_ratio": 0.99,
          "author_flair_background_color": null,
          "subreddit_type": "public",
          "ups": 488,
          "total_awards_received": 2,
          "media_embed": {},
          "thumbnail_width": 140,
          "author_flair_template_id": null,
          "is_original_content": false,
          "user_reports": [],
          "secure_media": null,
          "is_reddit_media_domain": true,
          "is_meta": false,
          "category": null,
          "secure_media_embed": {},
          "link_flair_text": null,
          "can_mod_post": false,
          "score": 488,
          "approved_by": null,
          "is_created_from_ads_ui": false,
          "author_premium": false,
          "thumbnail": "farewell",
          "edited": false,
          "author_flair_css_class": null,
          "author_flair_richtext": [],
          "gildings": {
            "gid_1": 1
          },
          "post_hint": "https://drive.google.com/uc?id=1mdetZ8K3-Xvp6dfz9qgYF44XulKwTOW6&export=download",
          "content_categories": null,
          "is_self": false,
          "mod_note": null,
          "created": 1612447952.0,
          "link_flair_type": "text",
          "wls": 6,
          "removed_by_category": null,
          "banned_by": null,
          "author_flair_type": "text",
          "domain": "i.redd.it",
          "allow_live_comments": false,
          "selftext_html": null,
          "likes": null,
          "suggested_sort": null,
          "banned_at_utc": null,
          "url_overridden_by_dest": "https://i.redd.it/uhimahgyagf61.jpg",
          "view_count": null,
          "archived": true,
          "no_follow": false,
          "is_crosspostable": false,
          "pinned": false,
          "over_18": false,
          "preview": {
            "images": [
              {
                "source": {
                  "url": "https://preview.redd.it/uhimahgyagf61.jpg?auto=webp&amp;s=c4809034977d415defc9be71e3f3404ea5858eba",
                  "width": 640,
                  "height": 853
                },
                "resolutions": [
                  {
                    "url": "https://preview.redd.it/uhimahgyagf61.jpg?width=108&amp;crop=smart&amp;auto=webp&amp;s=a3f3e2e641667d12586f20c93838fa56147c4ecd",
                    "width": 108,
                    "height": 143
                  },
                  {
                    "url": "https://preview.redd.it/uhimahgyagf61.jpg?width=216&amp;crop=smart&amp;auto=webp&amp;s=54be2b9422f4e0bd36b2c56e34e18e71b0d2e88a",
                    "width": 216,
                    "height": 287
                  },
                  {
                    "url": "https://preview.redd.it/uhimahgyagf61.jpg?width=320&amp;crop=smart&amp;auto=webp&amp;s=6a137a8870f962c76cb408b5dd3e4c9ed4990f67",
                    "width": 320,
                    "height": 426
                  },
                  {
                    "url": "https://preview.redd.it/uhimahgyagf61.jpg?width=640&amp;crop=smart&amp;auto=webp&amp;s=9dc9ede60a9f0c08b35839b7d99ee62b139d6420",
                    "width": 640,
                    "height": 853
                  }
                ],
                "variants": {},
                "id": "QJd_WUgGIfjcf3jS2Uoej4pEPF4XQLgYyUO5l0CFSxk"
              }
            ],
            "enabled": true
          },
          "all_awardings": [
            {
              "giver_coin_reward": null,
              "subreddit_id": null,
              "is_new": false,
              "days_of_drip_extension": 0,
              "coin_price": 100,
              "id": "gid_1",
              "penny_donate": null,
              "award_sub_type": "GLOBAL",
              "coin_reward": 0,
              "icon_url": "https://www.redditstatic.com/gold/awards/icon/silver_512.png",
              "days_of_premium": 0,
              "tiers_by_required_awardings": null,
              "resized_icons": [
                {
                  "url": "https://www.redditstatic.com/gold/awards/icon/silver_16.png",
                  "width": 16,
                  "height": 16
                },
                {
                  "url": "https://www.redditstatic.com/gold/awards/icon/silver_32.png",
                  "width": 32,
                  "height": 32
                },
                {
                  "url": "https://www.redditstatic.com/gold/awards/icon/silver_48.png",
                  "width": 48,
                  "height": 48
                },
                {
                  "url": "https://www.redditstatic.com/gold/awards/icon/silver_64.png",
                  "width": 64,
                  "height": 64
                },
                {
                  "url": "https://www.redditstatic.com/gold/awards/icon/silver_128.png",
                  "width": 128,
                  "height": 128
                }
              ],
              "icon_width": 512,
              "static_icon_width": 512,
              "start_date": null,
              "is_enabled": true,
              "awardings_required_to_grant_benefits": null,
              "description": "Shows the Silver Award... and that's it.",
              "end_date": null,
              "subreddit_coin_reward": 0,
              "count": 1,
              "static_icon_height": 512,
              "name": "Silver",
              "resized_static_icons": [
                {
                  "url": "https://www.redditstatic.com/gold/awards/icon/silver_16.png",
                  "width": 16,
                  "height": 16
                },
                {
                  "url": "https://www.redditstatic.com/gold/awards/icon/silver_32.png",
                  "width": 32,
                  "height": 32
                },
                {
                  "url": "https://www.redditstatic.com/gold/awards/icon/silver_48.png",
                  "width": 48,
                  "height": 48
                },
                {
                  "url": "https://www.redditstatic.com/gold/awards/icon/silver_64.png",
                  "width": 64,
                  "height": 64
                },
                {
                  "url": "https://www.redditstatic.com/gold/awards/icon/silver_128.png",
                  "width": 128,
                  "height": 128
                }
              ],
              "icon_format": null,
              "icon_height": 512,
              "penny_price": null,
              "award_type": "global",
              "static_icon_url": "https://www.redditstatic.com/gold/awards/icon/silver_512.png"
            },
            {
              "giver_coin_reward": 0,
              "subreddit_id": null,
              "is_new": false,
              "days_of_drip_extension": 0,
              "coin_price": 50,
              "id": "award_02d9ab2c-162e-4c01-8438-317a016ed3d9",
              "penny_donate": 0,
              "award_sub_type": "GLOBAL",
              "coin_reward": 0,
              "icon_url": "https://i.redd.it/award_images/t5_q0gj4/p4yzxkaed5f61_oldtakemyenergy.png",
              "days_of_premium": 0,
              "tiers_by_required_awardings": null,
              "resized_icons": [
                {
                  "url": "https://preview.redd.it/award_images/t5_q0gj4/p4yzxkaed5f61_oldtakemyenergy.png?width=16&amp;height=16&amp;auto=webp&amp;s=10034f3fdf8214c8377134bb60c5b832d4bbf588",
                  "width": 16,
                  "height": 16
                },
                {
                  "url": "https://preview.redd.it/award_images/t5_q0gj4/p4yzxkaed5f61_oldtakemyenergy.png?width=32&amp;height=32&amp;auto=webp&amp;s=100f785bf261fa9452a5d82ee0ef0793369dbfa5",
                  "width": 32,
                  "height": 32
                },
                {
                  "url": "https://preview.redd.it/award_images/t5_q0gj4/p4yzxkaed5f61_oldtakemyenergy.png?width=48&amp;height=48&amp;auto=webp&amp;s=b15d030fdfbbe4af4a5b34ab9dc90a174df40a23",
                  "width": 48,
                  "height": 48
                },
                {
                  "url": "https://preview.redd.it/award_images/t5_q0gj4/p4yzxkaed5f61_oldtakemyenergy.png?width=64&amp;height=64&amp;auto=webp&amp;s=601c75be6ee30dc4b47a5c65d64dea9a185502a1",
                  "width": 64,
                  "height": 64
                },
                {
                  "url": "https://preview.redd.it/award_images/t5_q0gj4/p4yzxkaed5f61_oldtakemyenergy.png?width=128&amp;height=128&amp;auto=webp&amp;s=540f36e65c0e2f1347fe32020e4a1565e3680437",
                  "width": 128,
                  "height": 128
                }
              ],
              "icon_width": 2048,
              "static_icon_width": 2048,
              "start_date": null,
              "is_enabled": true,
              "awardings_required_to_grant_benefits": null,
              "description": "I'm in this with you.",
              "end_date": null,
              "subreddit_coin_reward": 0,
              "count": 1,
              "static_icon_height": 2048,
              "name": "Take My Energy",
              "resized_static_icons": [
                {
                  "url": "https://preview.redd.it/award_images/t5_q0gj4/jtw7x06j68361_TakeMyEnergyElf.png?width=16&amp;height=16&amp;auto=webp&amp;s=045db73f47a9513c44823d132b4c393ab9241b6a",
                  "width": 16,
                  "height": 16
                },
                {
                  "url": "https://preview.redd.it/award_images/t5_q0gj4/jtw7x06j68361_TakeMyEnergyElf.png?width=32&amp;height=32&amp;auto=webp&amp;s=298a02e0edbb5b5e293087eeede63802cbe1d2c7",
                  "width": 32,
                  "height": 32
                },
                {
                  "url": "https://preview.redd.it/award_images/t5_q0gj4/jtw7x06j68361_TakeMyEnergyElf.png?width=48&amp;height=48&amp;auto=webp&amp;s=7d06d606eb23dbcd6dbe39ee0e60588c5eb89065",
                  "width": 48,
                  "height": 48
                },
                {
                  "url": "https://preview.redd.it/award_images/t5_q0gj4/jtw7x06j68361_TakeMyEnergyElf.png?width=64&amp;height=64&amp;auto=webp&amp;s=ecd9854b14104a36a210028c43420f0dababd96b",
                  "width": 64,
                  "height": 64
                },
                {
                  "url": "https://preview.redd.it/award_images/t5_q0gj4/jtw7x06j68361_TakeMyEnergyElf.png?width=128&amp;height=128&amp;auto=webp&amp;s=0d5d7b92c1d66aff435f2ad32e6330ca2b971f6d",
                  "width": 128,
                  "height": 128
                }
              ],
              "icon_format": "PNG",
              "icon_height": 2048,
              "penny_price": 0,
              "award_type": "global",
              "static_icon_url": "https://i.redd.it/award_images/t5_q0gj4/jtw7x06j68361_TakeMyEnergyElf.png"
            }
          ],
          "awarders": [],
          "media_only": false,
          "can_gild": false,
          "spoiler": false,
          "locked": false,
          "author_flair_text": null,
          "treatment_tags": [],
          "visited": false,
          "removed_by": null,
          "num_reports": null,
          "distinguished": null,
          "subreddit_id": "t5_2qheq",
          "author_is_blocked": false,
          "mod_reason_by": null,
          "removal_reason": null,
          "link_flair_background_color": "",
          "id": "lcggtg",
          "is_robot_indexable": true,
          "report_reasons": null,
          "author": "opgary",
          "discussion_type": null,
          "num_comments": 11,
          "send_replies": true,
          "whitelist_status": "all_ads",
          "contest_mode": false,
          "mod_reports": [],
          "author_patreon_flair": false,
          "author_flair_text_color": null,
          "permalink": "/r/pic/comments/lcggtg/tree_growing_in_an_abandoned_silo/",
          "parent_whitelist_status": "all_ads",
          "stickied": false,
          "url": "https://i.redd.it/uhimahgyagf61.jpg",
          "subreddit_subscribers": 143300,
          "created_utc": 1612447952.0,
          "num_crossposts": 1,
          "media": null,
          "is_video": false
        }
      },
      {
        "kind": "t3",
        "data": {
          "director_image": "director",
          "actors_image": ["cast1", "cast2", "cast3", "cast4", "cast5"],
          "DATA": {
            "name": "Todd Phillips",
            "release":"Movie - 2018",
            "type": "Drama, Adventura",
            "country": "United States",
            "bornYear": "2019 -",
            "match": "2.99\u20AC - 78%",
            "follower": "5.7",
            "rating": "8.5",
            "feedback": "Excellent",
            "color": "#868686"
          },
          "approved_at_utc": null,
          "subreddit": "pic",
          "selftext": "",
          "author_fullname": "t2_9nwaj",
          "saved": false,
          "mod_reason_title": null,
          "gilded": 0,
          "clicked": false,
          "title": "Once upon a time in Hollywood",
          "link_flair_richtext": [],
          "subreddit_name_prefixed": "r/pic",
          "hidden": false,
          "pwls": 6,
          "link_flair_css_class": null,
          "downs": 0,
          "thumbnail_height": 140,
          "top_awarded_type": null,
          "hide_score": false,
          "name": "t3_ob4jda",
          "quarantine": false,
          "link_flair_text_color": "dark",
          "upvote_ratio": 0.98,
          "author_flair_background_color": null,
          "subreddit_type": "public",
          "ups": 478,
          "total_awards_received": 0,
          "media_embed": {},
          "thumbnail_width": 140,
          "author_flair_template_id": null,
          "is_original_content": false,
          "user_reports": [],
          "secure_media": null,
          "is_reddit_media_domain": true,
          "is_meta": false,
          "category": null,
          "secure_media_embed": {},
          "link_flair_text": null,
          "can_mod_post": false,
          "score": 478,
          "approved_by": null,
          "is_created_from_ads_ui": false,
          "author_premium": false,
          "thumbnail": "sama",
          "edited": false,
          "author_flair_css_class": null,
          "author_flair_richtext": [],
          "gildings": {},
          "post_hint": "https://drive.google.com/uc?id=1mdetZ8K3-Xvp6dfz9qgYF44XulKwTOW6&export=download",
          "content_categories": null,
          "is_self": false,
          "mod_note": null,
          "created": 1625081140.0,
          "link_flair_type": "text",
          "wls": 6,
          "removed_by_category": null,
          "banned_by": null,
          "author_flair_type": "text",
          "domain": "i.redd.it",
          "allow_live_comments": true,
          "selftext_html": null,
          "likes": null,
          "suggested_sort": null,
          "banned_at_utc": null,
          "url_overridden_by_dest": "https://i.redd.it/a8sfq9l1fg871.jpg",
          "view_count": null,
          "archived": false,
          "no_follow": false,
          "is_crosspostable": false,
          "pinned": false,
          "over_18": false,
          "preview": {
            "images": [
              {
                "source": {
                  "url": "https://preview.redd.it/a8sfq9l1fg871.jpg?auto=webp&amp;s=8bac942748d7db6bdda3e69bbf38f696fd5de18f",
                  "width": 1536,
                  "height": 2048
                },
                "resolutions": [
                  {
                    "url": "https://preview.redd.it/a8sfq9l1fg871.jpg?width=108&amp;crop=smart&amp;auto=webp&amp;s=1064e0b191fbc3c478082c96e08cf97a95375a36",
                    "width": 108,
                    "height": 144
                  },
                  {
                    "url": "https://preview.redd.it/a8sfq9l1fg871.jpg?width=216&amp;crop=smart&amp;auto=webp&amp;s=45d71ac315ecb671105d04838464440592ddc8fd",
                    "width": 216,
                    "height": 288
                  },
                  {
                    "url": "https://preview.redd.it/a8sfq9l1fg871.jpg?width=320&amp;crop=smart&amp;auto=webp&amp;s=9922537d37803e49c7df31e8a8f23be5da66b1b6",
                    "width": 320,
                    "height": 426
                  },
                  {
                    "url": "https://preview.redd.it/a8sfq9l1fg871.jpg?width=640&amp;crop=smart&amp;auto=webp&amp;s=f50d871483b48347fa29fbe488b8151876d230f4",
                    "width": 640,
                    "height": 853
                  },
                  {
                    "url": "https://preview.redd.it/a8sfq9l1fg871.jpg?width=960&amp;crop=smart&amp;auto=webp&amp;s=c9de9a1d2edfd941ed42682860aa4069039b6f49",
                    "width": 960,
                    "height": 1280
                  },
                  {
                    "url": "https://preview.redd.it/a8sfq9l1fg871.jpg?width=1080&amp;crop=smart&amp;auto=webp&amp;s=bf82f3b6c99ca83ded0cfa3248b2e9e5a7ab6118",
                    "width": 1080,
                    "height": 1440
                  }
                ],
                "variants": {},
                "id": "5A-Wc3oAS_ZMSZQa7eUOEqxGQnRpYFNsnqz38N0Hf60"
              }
            ],
            "enabled": true
          },
          "all_awardings": [],
          "awarders": [],
          "media_only": false,
          "can_gild": false,
          "spoiler": false,
          "locked": false,
          "author_flair_text": null,
          "treatment_tags": [],
          "visited": false,
          "removed_by": null,
          "num_reports": null,
          "distinguished": null,
          "subreddit_id": "t5_2qheq",
          "author_is_blocked": false,
          "mod_reason_by": null,
          "removal_reason": null,
          "link_flair_background_color": "",
          "id": "ob4jda",
          "is_robot_indexable": true,
          "report_reasons": null,
          "author": "slanderingpanderer",
          "discussion_type": null,
          "num_comments": 14,
          "send_replies": true,
          "whitelist_status": "all_ads",
          "contest_mode": false,
          "mod_reports": [],
          "author_patreon_flair": false,
          "author_flair_text_color": null,
          "permalink": "/r/pic/comments/ob4jda/a_cloud_being_sliced_by_a_plane/",
          "parent_whitelist_status": "all_ads",
          "stickied": false,
          "url": "https://i.redd.it/a8sfq9l1fg871.jpg",
          "subreddit_subscribers": 143300,
          "created_utc": 1625081140.0,
          "num_crossposts": 1,
          "media": null,
          "is_video": false
        }
      },
      {
        "kind": "t3",
        "data": {
          "director_image": "director",
          "actors_image": ["cast1", "cast2", "cast3", "cast4", "cast5"],
          "DATA": {
            "release":"Movie - 2018",
            "name": "Todd Phillips",
            "type": "Drama, Adventura",
            "country": "United States",
            "bornYear": "2019 -",
            "match": "2.99\u20AC - 78%",
            "follower": "5.7",
            "rating": "9.2",
            "feedback": "Best",
            "color": "gray"
          },
          "approved_at_utc": null,
          "subreddit": "pic",
          "selftext": "",
          "author_fullname": "t2_70zjmh90",
          "saved": false,
          "mod_reason_title": null,
          "gilded": 0,
          "clicked": false,
          "title": "Fourteen ants gathering around a drop of honey.",
          "link_flair_richtext": [],
          "subreddit_name_prefixed": "r/pic",
          "hidden": false,
          "pwls": 6,
          "link_flair_css_class": null,
          "downs": 0,
          "thumbnail_height": 105,
          "top_awarded_type": null,
          "hide_score": false,
          "name": "t3_iy5zoq",
          "quarantine": false,
          "link_flair_text_color": "dark",
          "upvote_ratio": 0.96,
          "author_flair_background_color": null,
          "subreddit_type": "public",
          "ups": 472,
          "total_awards_received": 0,
          "media_embed": {},
          "thumbnail_width": 140,
          "author_flair_template_id": null,
          "is_original_content": false,
          "user_reports": [],
          "secure_media": null,
          "is_reddit_media_domain": true,
          "is_meta": false,
          "category": null,
          "secure_media_embed": {},
          "link_flair_text": null,
          "can_mod_post": false,
          "score": 472,
          "approved_by": null,
          "is_created_from_ads_ui": false,
          "author_premium": false,
          "thumbnail": "sama",
          "edited": false,
          "author_flair_css_class": null,
          "author_flair_richtext": [],
          "gildings": {},
          "post_hint": "https://drive.google.com/uc?id=1mdetZ8K3-Xvp6dfz9qgYF44XulKwTOW6&export=download",
          "content_categories": null,
          "is_self": false,
          "mod_note": null,
          "created": 1600848192.0,
          "link_flair_type": "text",
          "wls": 6,
          "removed_by_category": null,
          "banned_by": null,
          "author_flair_type": "text",
          "domain": "i.redd.it",
          "allow_live_comments": false,
          "selftext_html": null,
          "likes": null,
          "suggested_sort": null,
          "banned_at_utc": null,
          "url_overridden_by_dest": "https://i.redd.it/zz3idourtuo51.jpg",
          "view_count": null,
          "archived": true,
          "no_follow": false,
          "is_crosspostable": false,
          "pinned": false,
          "over_18": false,
          "preview": {
            "images": [
              {
                "source": {
                  "url": "https://preview.redd.it/zz3idourtuo51.jpg?auto=webp&amp;s=33c73fa5b1e237ecc41555f7781b8a8481dbc23a",
                  "width": 2700,
                  "height": 2025
                },
                "resolutions": [
                  {
                    "url": "https://preview.redd.it/zz3idourtuo51.jpg?width=108&amp;crop=smart&amp;auto=webp&amp;s=d4b306b15ea971617cc5c9fabee052951187816d",
                    "width": 108,
                    "height": 81
                  },
                  {
                    "url": "https://preview.redd.it/zz3idourtuo51.jpg?width=216&amp;crop=smart&amp;auto=webp&amp;s=f037c0c5d6389208e8589f91f44d78bd1178d92b",
                    "width": 216,
                    "height": 162
                  },
                  {
                    "url": "https://preview.redd.it/zz3idourtuo51.jpg?width=320&amp;crop=smart&amp;auto=webp&amp;s=e541cfaaab9702233734ac8e5f7f50eebd984c41",
                    "width": 320,
                    "height": 240
                  },
                  {
                    "url": "https://preview.redd.it/zz3idourtuo51.jpg?width=640&amp;crop=smart&amp;auto=webp&amp;s=5fd0fa473ed11031b77c4637b548f4a528407ef7",
                    "width": 640,
                    "height": 480
                  },
                  {
                    "url": "https://preview.redd.it/zz3idourtuo51.jpg?width=960&amp;crop=smart&amp;auto=webp&amp;s=d878b556cc009f564b8da64d41259c854c9e33f4",
                    "width": 960,
                    "height": 720
                  },
                  {
                    "url": "https://preview.redd.it/zz3idourtuo51.jpg?width=1080&amp;crop=smart&amp;auto=webp&amp;s=ca6ce8590e32a5490d34f7e15b32fcf20c44baff",
                    "width": 1080,
                    "height": 810
                  }
                ],
                "variants": {},
                "id": "6SRI02Mf36JdJ1wraS1XE5Y9qJI4krw_BYUwL8p_U-c"
              }
            ],
            "enabled": true
          },
          "all_awardings": [],
          "awarders": [],
          "media_only": false,
          "can_gild": false,
          "spoiler": false,
          "locked": false,
          "author_flair_text": null,
          "treatment_tags": [],
          "visited": false,
          "removed_by": null,
          "num_reports": null,
          "distinguished": null,
          "subreddit_id": "t5_2qheq",
          "author_is_blocked": false,
          "mod_reason_by": null,
          "removal_reason": null,
          "link_flair_background_color": "",
          "id": "iy5zoq",
          "is_robot_indexable": true,
          "report_reasons": null,
          "author": "LeoWolfert",
          "discussion_type": null,
          "num_comments": 26,
          "send_replies": true,
          "whitelist_status": "all_ads",
          "contest_mode": false,
          "mod_reports": [],
          "author_patreon_flair": false,
          "author_flair_text_color": null,
          "permalink": "/r/pic/comments/iy5zoq/fourteen_ants_gathering_around_a_drop_of_honey/",
          "parent_whitelist_status": "all_ads",
          "stickied": false,
          "url": "https://i.redd.it/zz3idourtuo51.jpg",
          "subreddit_subscribers": 143300,
          "created_utc": 1600848192.0,
          "num_crossposts": 1,
          "media": null,
          "is_video": false
        }
      },
      {
        "kind": "t3",
        "data": {
          "director_image": "director",
          "actors_image": ["cast1", "cast2", "cast3", "cast4", "cast5"],
          "DATA": {
            "release":"Movie - 2018",
            "name": "Todd Phillips",
            "type": "Drama, Adventura",
            "country": "United States",
            "bornYear": "2019 -",
            "match": "2.99\u20AC - 78%",
            "follower": "5.7",
            "rating": "9.2",
            "feedback": "Best",
            "color": "gray"
          },
          "approved_at_utc": null,
          "subreddit": "pic",
          "selftext": "",
          "author_fullname": "t2_fjax1",
          "saved": false,
          "mod_reason_title": null,
          "gilded": 0,
          "clicked": false,
          "title": "Christmas lights",
          "link_flair_richtext": [],
          "subreddit_name_prefixed": "r/pic",
          "hidden": false,
          "pwls": 6,
          "link_flair_css_class": null,
          "downs": 0,
          "thumbnail_height": 140,
          "top_awarded_type": null,
          "hide_score": false,
          "name": "t3_kn3suv",
          "quarantine": false,
          "link_flair_text_color": "dark",
          "upvote_ratio": 0.95,
          "author_flair_background_color": null,
          "subreddit_type": "public",
          "ups": 449,
          "total_awards_received": 0,
          "media_embed": {},
          "thumbnail_width": 140,
          "author_flair_template_id": null,
          "is_original_content": false,
          "user_reports": [],
          "secure_media": null,
          "is_reddit_media_domain": true,
          "is_meta": false,
          "category": null,
          "secure_media_embed": {},
          "link_flair_text": null,
          "can_mod_post": false,
          "score": 449,
          "approved_by": null,
          "is_created_from_ads_ui": false,
          "author_premium": false,
          "thumbnail": "farewell",
          "edited": false,
          "author_flair_css_class": null,
          "author_flair_richtext": [],
          "gildings": {},
          "post_hint": "https://drive.google.com/uc?id=1mdetZ8K3-Xvp6dfz9qgYF44XulKwTOW6&export=download",
          "content_categories": null,
          "is_self": false,
          "mod_note": null,
          "created": 1609340698.0,
          "link_flair_type": "text",
          "wls": 6,
          "removed_by_category": null,
          "banned_by": null,
          "author_flair_type": "text",
          "domain": "i.redd.it",
          "allow_live_comments": false,
          "selftext_html": null,
          "likes": null,
          "suggested_sort": null,
          "banned_at_utc": null,
          "url_overridden_by_dest": "https://i.redd.it/csfwlb1nac861.jpg",
          "view_count": null,
          "archived": true,
          "no_follow": false,
          "is_crosspostable": false,
          "pinned": false,
          "over_18": false,
          "preview": {
            "images": [
              {
                "source": {
                  "url": "https://preview.redd.it/csfwlb1nac861.jpg?auto=webp&amp;s=ebb15b4b95dad9213f536bd69cdbd379ef0cab99",
                  "width": 3024,
                  "height": 4032
                },
                "resolutions": [
                  {
                    "url": "https://preview.redd.it/csfwlb1nac861.jpg?width=108&amp;crop=smart&amp;auto=webp&amp;s=ae346ff7a347a0622096cb60cfaf3d636b310ff1",
                    "width": 108,
                    "height": 144
                  },
                  {
                    "url": "https://preview.redd.it/csfwlb1nac861.jpg?width=216&amp;crop=smart&amp;auto=webp&amp;s=d349190e66b847bcac4bc245452905e3255410e4",
                    "width": 216,
                    "height": 288
                  },
                  {
                    "url": "https://preview.redd.it/csfwlb1nac861.jpg?width=320&amp;crop=smart&amp;auto=webp&amp;s=f9712c56351da0378e83c7b470a704233bf2d56e",
                    "width": 320,
                    "height": 426
                  },
                  {
                    "url": "https://preview.redd.it/csfwlb1nac861.jpg?width=640&amp;crop=smart&amp;auto=webp&amp;s=c0f66022983980c76ac82aee317d6c93bb5bcb8f",
                    "width": 640,
                    "height": 853
                  },
                  {
                    "url": "https://preview.redd.it/csfwlb1nac861.jpg?width=960&amp;crop=smart&amp;auto=webp&amp;s=72523771505903078bec2dc1d411f6366cf302e0",
                    "width": 960,
                    "height": 1280
                  },
                  {
                    "url": "https://preview.redd.it/csfwlb1nac861.jpg?width=1080&amp;crop=smart&amp;auto=webp&amp;s=c47965dc54a8f588509ea8fe80d8f07796b391b6",
                    "width": 1080,
                    "height": 1440
                  }
                ],
                "variants": {},
                "id": "0BAc8WabJnMiG5iYpOZxhlEqXkufIdSSzgN9u56_dBs"
              }
            ],
            "enabled": true
          },
          "all_awardings": [],
          "awarders": [],
          "media_only": false,
          "can_gild": false,
          "spoiler": false,
          "locked": false,
          "author_flair_text": null,
          "treatment_tags": [],
          "visited": false,
          "removed_by": null,
          "num_reports": null,
          "distinguished": null,
          "subreddit_id": "t5_2qheq",
          "author_is_blocked": false,
          "mod_reason_by": null,
          "removal_reason": null,
          "link_flair_background_color": "",
          "id": "kn3suv",
          "is_robot_indexable": true,
          "report_reasons": null,
          "author": "Brianshurst",
          "discussion_type": null,
          "num_comments": 3,
          "send_replies": true,
          "whitelist_status": "all_ads",
          "contest_mode": false,
          "mod_reports": [],
          "author_patreon_flair": false,
          "author_flair_text_color": null,
          "permalink": "/r/pic/comments/kn3suv/christmas_lights_covered_by_snow_pennsylvania_usa/",
          "parent_whitelist_status": "all_ads",
          "stickied": false,
          "url": "https://i.redd.it/csfwlb1nac861.jpg",
          "subreddit_subscribers": 143300,
          "created_utc": 1609340698.0,
          "num_crossposts": 0,
          "media": null,
          "is_video": false
        }
      }
    ],
    "before": null
  }
}
